"Médiathèque de Labège rue de l'AUTAN 31670 Labège",,,,,
"App1 8, allée de Pomarède 31670 Labège",,,,,
"Mairie 1,rue de la Croix Rose 31670 LABEGE",,,,,
"Mairie Annexe 5, rue de l'Autan 31670 Labège",,,,,
"8, avenue de Saint Julien 31220 Cazères",,,,,
"AV JOSEPH HUC LES BRUGES",,,,,
"CHEMIN DU PLATEAU DE LA SERRE",,,,,
"QUAI DU TARN",,,,,
"ECOLE ROUTE DE PAULHAC",,,,,
"PLACE RIQUET",,,,,
"PLACE DE LA MAIRIE",,,,,
"Bureau de Poste",,,,,
"Rue de la Hille",,,,,
"Avenue du chateau d'eau",,,,,
"Boulevard dees Capelles",,,,,
"Rue Pierre Loti",,,,,
"centre commercial Leclerc, route d’Albi",,,,,
"ROUTE DE BESSIERES, PARKING ECOLE",,,,,
"39 RUE ALSACE LORRAINE",,,,,
"44, AV. DES ARÈNES",,,,,
"4 Boulevard de Strasbourg",,,,,
"13 PLACE ESQUIROL",,,,,
"16 Allée Jean Jaurès",,,,,
"24 RUE GABRIEL PERI",,,,,
"4 place dupuy",,,,,
"41 AVENUE DE LOMBEZ",,,,,
"10 AVENUE HENRI GUILLAUMET",,,,,
"131 CHEMIN DU SANG DE SERP",,,,,
"3 RUE FERDINAND LASSALLE",,,,,
"178 avenue des minimes",,,,,
"160 Faubourg Bonnefoy",,,,,
"24, Rue Roubichou",,,,,
"40 CHEMIN DU PRAT LONG",,,,,
"6 Rue Claudius Rougenet",,,,,
"31 Avenue des Arènes",,,,,
"35 Rue B de Ventadour",,,,,
"43 route de Bayonne",,,,,
"7 RUE VIDAILHAN",,,,,
"75 RUE EDMOND ROSTAND",,,,,
"8 RUE THERON DE MONTAUGE",,,,,
"54 Route de Castres",,,,,
"15 RUE PAULE RAYMONDIS",,,,,
"33 RUE PAULE RAYMONDIS",,,,,
"1 rue le Corbusier",,,,,
"69 ALLEE BELLEFONTAINE",,,,,
"9 CHEMIN DES SILOS",,,,,
"164 ROUTE DE REVEL",,,,,
"138 BIS ROUTE DE SEYSSES",,,,,
"35 BIS ROUTE DE BESSIERES",,,,,
"281 route d'Espagne",,,,,
"21 AVENUE LARRIEU THIBAUD",,,,,
"11 RUE JEAN PERRIN",,,,,
"318 ROUTE D ESPAGNE",,,,,
"285 ROUTE D'ESPAGNE",,,,,
"16 AVENUE DU DOCTEUR MAURICE GRYNFOGEL",,,,,
"295 ROUTE D'ESPAGNE",,,,,
"25 BOULEVARD DE THIBAUD",,,,,
"4 AVENUE DES PALANQUES",,,,,
"120 ROUTE D'ESPAGNE",,,,,
"9 AV DE L'ENCLOS",,,,,
"35 BOULEVARD THIBAUD",,,,,
"6 avenue des Palanques",,,,,
"23 ROUTE DE MURET",,,,,
"81 AVENUE DE TOULOUSE",,,,,
"47 AVENUE DES PYRENEES",,,,,
"4 CHEMIN DE L'ORMEAU",,,,,
"98 BIS ROUTE D ANDORRE",,,,,
"1 bis rue Marcel Pagnol",,,,,
"49 AVENUE DE L'EUROPE",,,,,
"34 RUE DE LA VIMONA",,,,,
"9 Place Alfred Sauvy",,,,,
"2 ROUTE DE ROQUES",,,,,
"1 CHEMIN DE LARRAMET",,,,,
"44 BOULEVARD DE JOFFRERY",,,,,
"22 Avenue des Capitouls",,,,,
"615 AVENUE DETOULOUSE",,,,,
"15 RUE EMILE ZOLA",,,,,
"144 AVENUE GAROSSOS",,,,,
"80 Avenue des Nobles",,,,,
"Chemin de ST JEAN zone de MARIGNAC",,,,,
"87 E ROUTE DE TOULOUSE",,,,,
"1 AVENUE DE CASTRES",,,,,
"41 Route d'Espagne",,,,,
"89 ROUTE DE TOULOUSE",,,,,
"719 RUE ALBERT CAMUS",,,,,
"20 chemin de l'Industrie",,,,,
"2111 ROUTE DU PLANTAUREL",,,,,
"12 CHEMIN DE LA GARRIGUE",,,,,
"38 Route de Toulouse",,,,,
"59 Route de Castres",,,,,
"15 Rue de la Transhumance",,,,,
"3 Rue du Pre Ferme",,,,,
"45 Boulevard Vincent Auriol",,,,,
"37 Impasse de la Glacière",,,,,
"Secours Catholique de Toulouse",,,,,
"18 rue des Peupliers 31240 Saint-Jean",,,,,
"4 rue Latécoère 31130 Balma",,,,,
"Route de Castelnaudary, 31250 Revel, France",,,,,
"Chemin de l'horte 31250 REVEL",,,,,
"111 CHEMIN DE LAPUJADE",,,,,
"24 Route de Muret 31120 Portet-sur-Garonne France",,,,,
"64 Chemin de Fenouillet 31200 Toulouse France",,,,,
"97 Chemin de Gabardie 31200 Toulouse France",,,,,
"9 Chemin du Paradis 30700 Uzès France",,,,,
"Route de Toulouse 31190 AUTERIVE",,,,,
"2, impasse du Terrefort 31450 AYGUESVIVES",,,,,
"2 av Georges Pradel 31130 BALMA",,,,,
"14 av de L Hers 31450 BAZIEGE",,,,,
"route des Crêtes 31850 BEAUPUY",,,,,
"domaine Lagaline 31850 BEAUPUY",,,,,
"144 avenue Garossos 31700 BEAUZELLE",,,,,
"1, rond-point Maurice Bellonte 31700 BLAGNAC",,,,,
"4 av Didier Daurat 31700 BLAGNAC",,,,,
"impasse Emile Zola 31700 BLAGNAC",,,,,
"chemin du Ferradou 31700 BLAGNAC",,,,,
"rue du moulin de Naudin 31700 BLAGNAC",,,,,
"1 avenue de Cornebarrieu 31700 BLAGNAC",,,,,
"1 place Alain Savary 31700 BLAGNAC",,,,,
"3 impasse des Tuyas 31700 BLAGNAC",,,,,
"6 route de Grenade 31700 BLAGNAC",,,,,
"Avenue de l'Escadrille Normandie Niemen 31700 Blagnac",,,,,
"23 rue Prosper Ferradou 31700 BLAGNAC",,,,,
"Chemin de la Gardette 31350 BOULOGNE-SUR-GESSE",,,,,
"route de Marquefave 31390 CARBONNE",,,,,
"29 avenue de Toulouse 31320 CASTANET",,,,,
"28 rue des Ecoles 31780 CASTELGINEST",,,,,
"chemin Garrigue 31620 CASTELNAU d'ESTRETEFONDS",,,,,
"22 chemin des carabiniers 31620 CASTELNAU d'ESTRETEFONDS",,,,,
"Rue Ernest Renan 31220 CAZERES",,,,,
"4 chemin de l'Ormeau 31770 COLOMIERS",,,,,
"avenue Jean Berenguier 81800 COUFOULEUX",,,,,
"av Leo Lagrange 31270 CUGNAUX",,,,,
"12 allée Suzanne Lacore 31270 CUGNAUX",,,,,
"impasse des Ecoles 31270 CUGNAUX",,,,,
"3 av Georges Pompidou 31270 CUGNAUX",,,,,
"route de Portet 31270 CUGNAUX",,,,,
"34, rue de la Vimona 31270 CUGNAUX",,,,,
"Place du Bicentenaire 31600 EAUNES",,,,,
"chemin des Ecoles 31750 ESCALQUENS",,,,,
"place Francois Mitterrand 31750 ESCALQUENS",,,,,
"1 rue de l'eglise 31150 FENOUILLET",,,,,
"102 route de Fronton 31140 FONBEAUZARD",,,,,
"1 chemin des Mailheaux 31270 FROUZINS",,,,,
"89 boulevard de la Mediterranee 31270 FROUZINS",,,,,
"19 chemin des Mailheaux 31270 FROUZINS",,,,,
"171 rue de la Voie Romaine 31150 GAGNAC",,,,,
"Rue de la Commanderie 31380 GARIDECH",,,,,
"29, avenue de Luchon 31210 GOURDAN-POLIGNAN",,,,,
"15 place Bellegarde 31380 GRAGNAGUE",,,,,
"3 rue Verdaussou 81300 GRAULHET",,,,,
"Lieu-dit Le Moulin 82170 GRISOLLES",,,,,
"3 r Jean Moulin 32600 L ISLE-JOURDAIN",,,,,
"18 promenade de l'Esplanade 31180 LAPEYROUSE-FOSSAT",,,,,
"chemin des ecoles 31860 LABARTHE-SUR-LEZE",,,,,
"Cammas 31670 LABEGE",,,,,
"200 rue Buissonniere 31670 LABEGE",,,,,
"avenue des Pyrenees 31120 LACROIX-FALGARDE",,,,,
"2, impasse de la Saudrune 31140 LAUNAGUET",,,,,
"place Cazaleres 31410 LE FAUGA",,,,,
"avenue Bouscarre 31490 LEGUEVIN",,,,,
"rue Jules Ferry 31490 LEGUEVIN",,,,,
"13 rue des lacs Fenouillet BP 25112 31150 LESPINASSE",,,,,
"place de l' Eglise 31600 LHERM",,,,,
"rue des Justices 32120 MAUVEZIN",,,,,
"rue des Ecoles 31330 MERVILLE",,,,,
"Moulin a Vent 31700 MONDONVILLE",,,,,
"17 Grand Rue 31450 MONTGISCARD",,,,,
"route de Baziege 31450 MONTLAUR",,,,,
"3 chemin de Mondouzil 31850 MONTRABE",,,,,
"181, chemin de Brioudes 31600 MURET",,,,,
"56 avenue Henri Peyrusse 31600 MURET",,,,,
"rue du Commandant Montalegre 31600 MURET",,,,,
"9, rue Joseph Cugnot 31600 MURET",,,,,
"15, rue de Gascogne 31600 MURET",,,,,
"1, rue de l' Eglise 31600 MURET",,,,,
"10, rue de Cazaux 31600 MURET",,,,,
"15, rue du Marechal Lyautey 31600 MURET",,,,,
"5, rue Jean Lestrade 31600 MURET",,,,,
"36, rue Notre Dame 31600 MURET",,,,,
"13-15, square Saint-Exupery 31600 MURET",,,,,
"7 bis, place Layrisson 31600 MURET",,,,,
"181, av. J. Douzans 31601 MURET",,,,,
"20 avenue Bernard IV 31605 MURET",,,,,
"8, place de la Mairie 31140 PECHBONNIEU",,,,,
"5 chemin de Castillon 31140 PECHBONNIEU",,,,,
"La Roquette 81440 PEYREGOUX",,,,,
"ancien chemin Brax 31820 PIBRAC",,,,,
"CD 65 Route de Toulouse 31820 PIBRAC",,,,,
"99 route d' Andorre 31120 PINSAGUEL",,,,,
"14 rue Ruisseau 31120 PINSAGUEL",,,,,
"13, rue Fer a cheval 31830 PLAISANCE du TOUCH",,,,,
"2 rue Doct Armaing 31830 PLAISANCE du TOUCH",,,,,
"2 avenue Alexandre Monoury 31250 REVEL",,,,,
"37 Boulevard des ecoles 31370 RIEUMES",,,,,
"6 rue Clement Ader 31120 ROQUETTES",,,,,
"22 allée des chenes 31600 SAINT CLAR DE RIVIERE",,,,,
"Zone commerciale Porte du Gers 31470 FONSORBES",,,,,
"77 av Languedoc 31470 SAINT LYS",,,,,
"11 lotissement les marronniers 31470 SAINT LYS",,,,,
"avenue de Revel 31650 SAINT ORENS DE GAMEVILLE",,,,,
"Chemin Gleyzes 31790 SAINT SAUVEUR",,,,,
"56 rue des lilas 81370 SAINT SULPICE LA POINTE",,,,,
"avenue Rhin et Danube 81370 SAINT SULPICE LA POINTE",,,,,
"4 avenue Victor Molinier 31570 SAINTE FOY D'AIGREFEUILLE",,,,,
"6, avenue Tolosane 31410 SAINT HILAIRE",,,,,
"Rue amethyste 31650 SAINT ORENS DE GAMEVILLE",,,,,
"31650 SAINT ORENS DE GAMEVILLE",,,,,
"22 rue des Ecoles 31600 SAUBENS",,,,,
"1 place Roaldes du Bourg 31840 SEILH",,,,,
"5 place de la Libération 31600 SEYSSES",,,,,
"9 avenue Pierre Semard 31600 SEYSSES",,,,,
"Chemin de Belveze 31240 Saint-Jean",,,,,
"Boulevard de Ratalens 31240 Saint-Jean",,,,,
"Le Village 31570 TARABEL",,,,,
"3 Esplanade Compans Cafarelli 31000 TOULOUSE",,,,,
"16 rue de Sebastopol 31000 TOULOUSE",,,,,
"1 Place Jean-Baptiste Baudin 31000 TOULOUSE",,,,,
"123 Allee de Brienne 31000 TOULOUSE",,,,,
"45 avenue de Grande Bretagne 31000 TOULOUSE",,,,,
"19 rue Saint-Hilaire 31000 TOULOUSE",,,,,
"1 Rue Lucien Lafforgue 31000 TOULOUSE",,,,,
"4 rue Kennedy 31000 TOULOUSE",,,,,
"45, rue de Gironis 31036 TOULOUSE",,,,,
"195, route d'Espagne 31036 TOULOUSE",,,,,
"26 rue de Gironis 31100 TOULOUSE",,,,,
"7, rue Albert Carovis 31100 TOULOUSE",,,,,
"1, avenue Jean Baylet 31100 TOULOUSE",,,,,
"2 rue Saintonge 31100 TOULOUSE",,,,,
"41 avenue Louis Ariste Passerieu 31100 TOULOUSE",,,,,
"5 rue de Kiev 31100 TOULOUSE",,,,,
"65 route d'Espagne 31100 TOULOUSE",,,,,
"43 rue Paul Lambert 31100 TOULOUSE",,,,,
"5 avenue J. Maxwell 31100 TOULOUSE",,,,,
"44 avenue du General De Croutte 31100 TOULOUSE",,,,,
"1 place de l'Eglise Saint-Simon 31100 TOULOUSE",,,,,
"117 rue Henri Desbals 31100 TOULOUSE",,,,,
"216, route de Launaguet 31200 TOULOUSE",,,,,
"92 chem Gabardie 31200 TOULOUSE",,,,,
"18 rue du Faubourg Bonnefoy 31200 TOULOUSE",,,,,
"51 avenue des Minimes 31200 TOULOUSE",,,,,
"15 rue des anges 31200 TOULOUSE",,,,,
"108 route de Blagnac 31200 TOULOUSE",,,,,
"11 avenue Bourges Maunoury 31200 TOULOUSE",,,,,
"105 route d' Agde 31200 TOULOUSE",,,,,
"3 Boulevard des Minimes 31200 TOULOUSE",,,,,
"239 avenue de Fronton 31200 TOULOUSE",,,,,
"63 route de Blagnac 31200 TOULOUSE",,,,,
"316, route de Bayonne bat. M2 31300 TOULOUSE",,,,,
"41 Avenue de Lombez 31300 TOULOUSE",,,,,
"70 avenue de Lardenne 31300 TOULOUSE",,,,,
"26 rue Reclusane 31300 TOULOUSE",,,,,
"2 allee du Vivarais 31300 TOULOUSE",,,,,
"2 rue des Gais Pinsons 31300 TOULOUSE",,,,,
"1 place Doct Baylac 31300 TOULOUSE",,,,,
"1 impasse Hugues Panassie 31300 TOULOUSE",,,,,
"36 rue Bernard de Ventadour 31300 TOULOUSE",,,,,
"Impasse Tony Poncet 31300 TOULOUSE",,,,,
"20 Place Jean Diebold 31300 TOULOUSE",,,,,
"19, rue Claude Forbin 31400 TOULOUSE",,,,,
"31 rue des cosmonautes 31400 TOULOUSE",,,,,
"11 Bis Grande Rue St Michel 31400 TOULOUSE",,,,,
"3 impasse Gaston Genin 31400 TOULOUSE",,,,,
"16, rue des 36 ponts 31400 TOULOUSE",,,,,
"11 avenue des ecoles jules julien 31400 TOULOUSE",,,,,
"6 avenue Lespinet 31400 TOULOUSE",,,,,
"4 chemin des clotasses 31400 TOULOUSE",,,,,
"4 av des ecoles jules julien 31400 TOULOUSE",,,,,
"30, rue Jeanne Marvig 31400 TOULOUSE",,,,,
"7 avenue Edouard Belin 31400 TOULOUSE",,,,,
"6 rue des Iris 31400 TOULOUSE",,,,,
"Pont des Demoiselles 31400 TOULOUSE",,,,,
"68 Avenue de l'URSS 31400 TOULOUSE",,,,,
"7 avenue Saint Exupéry 31400 TOULOUSE",,,,,
"97 avenue Albert Bedouce 31400 TOULOUSE",,,,,
"38 avenue Jean Moulin 31400 TOULOUSE",,,,,
"47 rue de Soupetard 31500 TOULOUSE",,,,,
"Avenue Henri Guillaumet 31500 TOULOUSE",,,,,
"Rue Chanoine Barthas 31500 TOULOUSE",,,,,
"37 rue de la solidarite 31500 TOULOUSE",,,,,
"79 chemin Nicol 31500 TOULOUSE",,,,,
"22, avenue Marcel Dassault 31500 TOULOUSE",,,,,
"11 avenue de l'observatoire 31500 TOULOUSE",,,,,
"1 chemin de Larramet 31170 TOURNEFEUILLE",,,,,
"Route de Tarbes 31170 TOURNEFEUILLE",,,,,
"110 avenue du Marquisat 31170 TOURNEFEUILLE",,,,,
"5 rue Bertrand Panouse 31170 TOURNEFEUILLE",,,,,
"8, rue Jules Ferry 31290 VILLEFRANCHE-DE-LAURAGAIS",,,,,
"636 route d'Ensalra 31620 VILLENEUVE-LES-BOULOC",,,,,
"rue Lavandieres 31270 VILLENEUVE-TOLOSANE",,,,,
"22 route de Portet 31270 VILLENEUVE-TOLOSANE",,,,,
"18 chemin Roussimort 31270 VILLENEUVE-TOLOSANE",,,,,
"83 boulevard des ecoles 31270 VILLENEUVE-TOLOSANE",,,,,
"5 rue Edouard Lartet 31270 VILLENEUVE-TOLOSANE",,,,,
"1 Rue de l'Abbé Jules Lemire 31300 TOULOUSE",,,,,
"3 Avenue de Lapeyrière 31240 Saint-Jean",,,,,
"1 Place François Mitterrand 31240 Saint-Jean",,,,,
"Rue du Stade 31180 Castelmaurou",,,,,
"134, Route d'Espagne 31100 Toulouse",,,,,
"place de l'ancienne sous préfecture 31290 Villefranche-de-Lauragais",,,,,
"42 Avenue Gaspard Coriolis 31100 Toulouse",,,,,
"Route de Narbonne 31810 Venerque",,,,,
"1 Rue de l'Église 31770 Colomiers",,,,,
"Place du Château 31860 Pins Justaret",,,,,
"12 Place Saint-Pierre 31810 Venerque",,,,,
"25 rue Principale 31180 SAINT GENIES- BELLEVUE",,,,,
"3, Rue de l'Orient 31000 Toulouse",,,,,
"Allée des Fenassiers 31770 Colomiers",,,,,
"13, Rue Étienne Collongues 31770 Colomiers",,,,,
"2, Impasse des Vergers 31100 Toulouse",,,,,
"40, Grande Rue Nazareth 31000 Toulouse",,,,,
"6, Rue Claudius Rougenet 31500 Toulouse",,,,,
"Zi Lavigne D820 31190 Auterive",,,,,
"1, Place du Maréchal Leclerc 31190 Auterive",,,,,
"41, Route d'Espagne 31190 Auterive",,,,,
"rue Malbec 31190 Auragne",,,,,
"1 Avenue de l'Europe 31600 Muret",,,,,
"2, Place Jacques Sauvegrain 31100 TOULOUSE",,,,,
"4, Rue du Faubourg Bonnefoy 31500 TOULOUSE",,,,,
"7, Impasse Saint-Aubin 31000 Toulouse",,,,,
"78, Allées Jean Jaurès 31009 Toulouse",,,,,
"5, Avenue occitane 31520 Ramonville-Saint-Agne",,,,,
"En Rouzaut 31450 Montgiscard",,,,,
"38, Avenue de Fronton 31200 Toulouse",,,,,
"95, Grande Rue Saint-Michel 31400 Toulouse",,,,,
"9, Rue San-Subra 31000 Toulouse",,,,,
"9, Rue de Sébastopol 31000 Toulouse",,,,,
"16 rue Notre-Dame 31600 Muret",,,,,
"Rue des Écoles 31600 Labastidette",,,,,
"81 Allée du Comminges 31770 Colomiers",,,,,
"16 Avenue de l'Hers 31450 Baziège",,,,,
"32, Route de Toulouse 31830 Plaisance-du-Touch",,,,,
"133, Chemin du Sang de Serp 31200 Toulouse",,,,,
"1 avenue St Exupéry 31000 Toulouse",,,,,
"Avenue du Professeur Joseph Ducuing 31400 Toulouse",,,,,
"110, Route de Blagnac 31200 Toulouse",,,,,
"2 ter Rue des Puits Creusés 31000 Toulouse",,,,,
"Place du Capitole 31000 TOULOUSE",,,,,
"9, Rue Saint-Rémésy 31000 Toulouse",,,,,
"3, Rue du Bac 31520 Ramonville-Saint-Agne",,,,,
"15 Impasse Franz Schrader 31500 Toulouse",,,,,
"48, Grande Rue Saint-Michel 31400 Toulouse",,,,,
"389, Route de Saint-Simon 31100 Toulouse",,,,,
"RD 617 La maladrerie 31410 Noé",,,,,
"Avenue Honoré Serres 31200 Toulouse",,,,,
"178, Avenue des Minimes 31200 Toulouse",,,,,
"4, Chemin des Pradettes 31450 Baziège",,,,,
"Espace Saint-Georges 31000 Toulouse",,,,,
"25, Rue du Faubourg Bonnefoy 31500 Toulouse",,,,,
"Route de Muret 31410 Longages",,,,,
"Allée Henri Sellier 31000 Toulouse",,,,,
"Centre commercial Saint-Caprais 31240 L'Union",,,,,
"71, Chemin des Capelles 31300 Toulouse",,,,,
"190, Rue Isatis 31670 Labège",,,,,
"4, Chemin de Liffard 31100 Toulouse",,,,,
"Mairie 31620 Villeneuve-lès-Bouloc",,,,,
"Chemin de Pahin 31170 Tournefeuille",,,,,
"79, Avenue Camille Pujol 31500 Toulouse",,,,,
"4 Chemin Jean François Lesueur 31100 Toulouse",,,,,
"Rue Pierre et Marie Curie 11160 Rieux-Minervois",,,,,
"24 Rue Pierre Paul Riquet 31000 Toulouse",,,,,
"9 Rue du Maréchal Gallieni 31500 Toulouse",,,,,
"Chemin de la Plaine des Lacs 31120 Roques",,,,,
"Avenue des Pyrénées lot.le Dauphin 31600 Muret",,,,,
"Chemin de Brioudes 31605 Muret",,,,,
"Rue du Riou 31700 Beauzelle",,,,,
"11 rue François Albert 31190 AUTERIVE",,,,,
"Rue Gustave Flaubert 31700 BLAGNAC",,,,,
"1, allée Pierre Nadot 31700 BLAGNAC",,,,,
"route d'Arize 31390 CARBONNE",,,,,
"7, place des Fetes 31770 COLOMIERS",,,,,
"Château Alliez 31700 CORNEBARRIEU",,,,,
"29 rue Frédéric Chopin 31600 EAUNES",,,,,
"place Alexandre Olive 31150 FENOUILLET",,,,,
"3 impasse Chêne Vert 31270 FROUZINS",,,,,
"ZAC PONT Peyrin Allee Collette Besson 32600 L ISLE-JOURDAIN",,,,,
"4 avenue du Maréchal Lyautey 31600 MURET",,,,,
"24 square des Chênes 31820 PIBRAC",,,,,
"1 Ter avenue de Saubens 31860 PINS-JUSTARET",,,,,
"10 allée Pablo Picasso 31120 PORTET sur GARONNE",,,,,
"place Jean Jaurès 31120 ROQUES sur GARONNE",,,,,
"RN 20 - Lieu dit Cabourdy 31790 SAINT JORY",,,,,
"3 impasse des Acacias 31530 SAINT PAUL SUR SAVE",,,,,
"6 rue A. Rimbaud Appt 106 31240 Saint-Jean",,,,,
"4 rue des Jardins 31000 TOULOUSE",,,,,
"avenue du Général Eisenhower 31023 TOULOUSE",,,,,
"1, Place Jean Louis Puig 31700 Blagnac",,,,,
"Avenue Eisenhower 31100 TOULOUSE",,,,,
"1 place Micoulaud 31200 TOULOUSE",,,,,
"286, route de Revel 31400 TOULOUSE",,,,,
"5 rue Jean Castilhon, appartement 193 31500 Toulouse",,,,,
"impasse du Château 31170 TOURNEFEUILLE",,,,,
"rue du Terrial 31150 GAGNAC SUR GARONNE",,,,,
"1, Place de la Mairie 31530 LASSERRE",,,,,
"345, Avenue Jean Rieux 31400 Toulouse",,,,,
"place jouan cade 31340 Le Born",,,,,
"Rue de Nazan 31650 SAINT ORENS DE GAMEVILLE",,,,,
"9, Chemin de la Cepette 31860 Pins-Justaret",,,,,
"87, Rue de Cugnaux 31000 Toulouse",,,,,
"avenue des Eglantiers 31120 ROQUES sur GARONNE",,,,,
"33 avenue Georges Pompidou 31130 BALMA",,,,,
"20, Rue Raymond IV 31506 Toulouse",,,,,
"4, Rue Jules Ferry 31290 Villefranche-de-Lauragais",,,,,
"30, Chemin de Bitet 31400 TOULOUSE",,,,,
"1, Le Communal 31430 SAINT ELIX LE CHATEAU",,,,,
"1047 Route du Plantaurel 31860 Labarthe-sur-Lèze",,,,,
"81, Avenue de Grande Bretagne 31300 Toulouse",,,,,
"32, Rue des Fleurs 31150 Bruguières",,,,,
"5, Place de la Mairie 31530 Lévignac",,,,,
"37, rue des Paradoux 31000 Toulouse",,,,,
"5 bis Impasse Densus 31270 Villeneuve-Tolosane",,,,,
"Z.A. des Pradettes 31440 Cierp-Gaud",,,,,
"avenue de la brèche romaine 31440 SAINT BEAT",,,,,
"Place Lucien Saint 31440 Marignac",,,,,
"7, Rue George Sand 31120 Portet-sur-Garonne",,,,,
"85, Rue de Limayrac 31500 Toulouse",,,,,
"1, Avenue Édouard Belin 31028 Toulouse",,,,,
"256, Rue de la Découverte Bat. B 31520 Labège",,,,,
"Rue du Port 31810 Venerque",,,,,
"Chemin des Bordes 31250 Revel",,,,,
"28, Boulevard Aristide Briand 31600 Muret",,,,,
"62, Avenue du Languedoc 31470 SAINT LYS",,,,,
"Le Village 31460 Vendine",,,,,
"1, Allée de la Mairie 31570 Bourg-Saint-Bernard",,,,,
"Village 31460 Mascarville",,,,,
"Au Teroun 81500 Montcabrier",,,,,
"Le Bourg 81500 Bannières",,,,,
"Le village 31460 Saussens",,,,,
"Chemin des Agriès 31860 Labarthe-sur-Lèze",,,,,
"18, Chemin de Fenouillet 31200 Toulouse",,,,,
"11, Rue Antonin Mercié 31000 Toulouse",,,,,
"138 bis route de Seysses 31100 Toulouse",,,,,
"Chemin des Mailheaux 31270 Frouzins",,,,,
"4, avenue des Pyrénées 31830 Plaisance-du-Touch",,,,,
"2, Rue Anna Politkovskaia 31200 Toulouse",,,,,
"av. des Pyrénées 31600 Muret",,,,,
"Rue de Fenouillet 31140 SAINT ALBAN",,,,,
"Boulevard de la Marquette 31200 Toulouse",,,,,
"26, Avenue Tolosane 31520 Ramonville-Saint-Agne",,,,,
"La Sinsole 09210 Lézat-sur-Lèze",,,,,
"N 125 31440 Arlos",,,,,
"Rue de l'Aviation 31604 Muret",,,,,
"Allée des Sports 31120 Roques-sur-Garonne",,,,,
"Chemin des Pradettes 31450 Baziège",,,,,
"183, Avenue des États-Unis 31200 Toulouse",,,,,
"Place Eparchoise 09210 SAINT YBARS",,,,,
"Rue Roland Garros 31700 Blagnac",,,,,
"2, Rue Marie Curie 31770 Colomiers",,,,,
"36, Route de Bayonne 31300 Toulouse",,,,,
"28, Rue des Pyrénées 31400 Toulouse",,,,,
"9, Rue Henri Jansou 31240 Toulouse",,,,,
"36, Rue des 36 Ponts 31400 Toulouse",,,,,
"6, Allée Emile Monso 31029 toulouse cedex 4",,,,,
"44, Chemin Cassaing 31500 Toulouse",,,,,
"Rue Émile Pelletier 31100 Toulouse",,,,,
"6, Rue du Caillou Gris 31200 Toulouse",,,,,
"Chemin de Berdoulet 31310 Rieux-Volvestre",,,,,
"16, Rue du Docteur Jean Arlaud 31500 Toulouse",,,,,
"1, Rue des Artisans zone de Naudon 31390 CARBONNE",,,,,
"7, Place de l'Europe 31270 Cugnaux",,,,,
"3 Avenue Pierre Coupeau 31130 BALMA",,,,,
"31180 Castelmaurou",,,,,
"11 Allées Charles de Fitte 31000 Toulouse",,,,,
"104, Avenue de Lespinet Bat Savoie 31400 Toulouse",,,,,
"Avenue des Terres Noires 81370 Saint-Sulpice La Pointe",,,,,
"50, Rue de Limayrac 31500 Toulouse",,,,,
"24, Avenue du Général Charles de Gaulle 31604 Muret Cedex",,,,,
"10, Place Marcel Dassault 31700 Blagnac",,,,,
"27, Rue de la Fount 31620 Castelnau-d'Estrétefonds",,,,,
"Rue des Usines 31150 Fenouillet",,,,,
"avenue des sports, lottissement Simon 31150 Fenouillet",,,,,
"square Georges Brassens 31140 Saint-Alban",,,,,
"2, Chemin de Gabardie 31240 Toulouse",,,,,
"Rue du Bolé ZAC de La Bourgade 31670 Labège",,,,,
"Zone commerciale Les Portes du Tarn 81370 Saint-Sulpice-la-Pointe",,,,,
"2 Boulevard Charles de Gaulle 31110 Bagnères-de-Luchon",,,,,
"Avenue du Comminges 31270 Cugnaux",,,,,
"Rue des Jardins 31410 Noé",,,,,
"114, Avenue du Président François Mitterrand 31800 Saint Gaudens",,,,,
"3 avenue du chêne vert 31270 Frouzins",,,,,
"54, Chemin de la Salade Ponsan 31400 Toulouse",,,,,
"lieu-dit les Trêtes 31110 Moustajon",,,,,
"11, Chemin de l'Église de Lalande 31200 Toulouse",,,,,
"37, Rue Montplaisir 31500 Toulouse",,,,,
"Rue Ferdinand de Lesseps 31100 Toulouse",,,,,
"Rue Salvador Allende 31320 Castanet-Tolosan",,,,,
"24 Rue Léon Foucault 31240 Saint-jean",,,,,
"Lieudit Dabeaux 31420 Aurignac",,,,,
"Place de la Prade 31410 Longages",,,,,
"Boulevard Koenigs 31000 Toulouse",,,,,
"5 Allée Antonio Machado 31100 Toulouse",,,,,
"30 Chemin de la Pradette 31600 Muret",,,,,
"23, Chemin des Capelles 31300 Toulouse",,,,,
"44, Chemin du Séminaire 31021 Toulouse",,,,,
"67, Chemin de la Butte résidence Mermoz Bat D 31400 Toulouse",,,,,
"Rue des Sports 31330 Grenade",,,,,
"14, Rue des Vases 31000 Toulouse",,,,,
"2, Rue Georges Vivent 31100 Toulouse",,,,,
"Avenue du Château d'Eau 31470 Fonsorbes",,,,,
"Route de Cox 31530 Saint-Paul-sur-Save",,,,,
"Allée de Fraixinet 31120 Roques",,,,,
"19, Rue du Roussillon 31100 Toulouse",,,,,
"20 Avenue Roger Tissandié 31600 Muret",,,,,
"Avenue du Lauragais 31860 Labarthe-sur-Lèze",,,,,
"40, Avenue Jean Monnet 31770 Colomiers",,,,,
"5 Rue Paul Mériel 31000 Toulouse",,,,,
"Terre Polanche 31460 Caraman",,,,,
"Le Pont Neuf 31230 L'Isle-en-Dodon",,,,,
"7 Rue des Feuillants 31300 Toulouse",,,,,
"4 Impasse René Couzinet 31400 Toulouse",,,,,
"3 Chemin d'Audibert 31000 Toulouse",,,,,
"10, Place Raymond Grimaud 31300 Toulouse",,,,,
"3, Place Bertier 31300 Toulouse",,,,,
